-- Create Practice Database --
 
/* CREATE DATABASE SQL_Interview_Prac;
USE SQL_Interview_Prac;
*/
-- Create Tables and Insert Data -- 

-- Employess Table --

CREATE TABLE employees (
    emp_id INT PRIMARY KEY,
    first_name VARCHAR(10),
    last_name VARCHAR(10),
    salary INT,
    hire_date DATE,
    dept_id INT
);

INSERT INTO employees
VALUES
    (101, 'Rohan',   'Sharma',   80000,  '2022-03-15', 1),
    (102, 'Priya',   'Singh',    95000,  '2021-11-01', 1),
    (103, 'Arjun',   'Kumar',   120000,  '2020-07-23', 2),
    (104, 'Anjali',  'Mehta',    75000,  '2023-01-10', 3),
    (105, 'Vikram',  'Patel',   110000,  '2019-05-19', 2),
    (106, 'Neha',    'Gupta',    88000,  '2022-08-04', 1),
    (107, 'Suresh',  'Iyer',     70000,  '2021-02-14', 3),
    (108, 'Kavya',   'Nair',     98000,  '2020-10-30', 2),
    (109, 'Rahul',   'Verma',    92000,  '2023-06-12', 1),
    (110, 'Pooja',   'Malhotra', 68000,  '2018-09-01', 3),
    (111,'Amit','Joshi',82000,'2021-01-10',1),
    (112,'Sneha','Rao',91000,'2020-06-18',2),
    (113,'Kunal','Bansal',76000,'2022-09-02',3),
    (114,'Isha','Kapoor',99000,'2019-11-27',1),
    (115,'Manish','Agarwal',115000,'2018-04-15',2),
    (116,'Ritu','Chopra',73000,'2023-02-08',3),
    (117,'Nikhil','Saxena',88000,'2021-07-30',1),
    (118,'Ayesha','Khan',105000,'2020-03-12',2),
    (119,'Tarun','Goyal',79000,'2022-05-21',3),
    (120,'Simran','Arora',94000,'2019-08-09',1),
    (121,'Deepak','Mishra',108000,'2018-12-01',2),
    (122,'Pallavi','Desai',86000,'2021-10-14',1),
    (123,'Rakesh','Yadav',72000,'2020-02-25',3),
    (124,'Mehul','Shah',112000,'2019-06-06',2),
    (125,'Ankita','Kulkarni',90000,'2022-01-19',1),
    (126,'Sanjay','Nanda',68000,'2023-03-11',3),
    (127,'Rohit','Malik',97000,'2020-09-29',2),
    (128,'Priti','Lal',83000,'2021-04-17',1),
    (129,'Vikas','Srivastava',75000,'2019-10-05',3),
    (130,'Naina','Bhat',101000,'2018-07-22',2),
    (131,'Aditya','Shetty',88000,'2022-06-03',1),
    (132,'Farah','Ali',93000,'2021-12-28',2),
    (133,'Karthik','Reddy',71000,'2020-01-16',3),
    (134,'Divya','Menon',98000,'2019-05-30',1),
    (135,'Mohit','Verma',120000,'2018-11-09',2),
    (136,'Shalini','Gupta',76000,'2023-04-01',3),
    (137,'Akash','Tiwari',89000,'2021-08-18',1),
    (138,'Zoya','Farooq',104000,'2020-07-07',2),
    (139,'Siddharth','Jain',80000,'2022-10-12',3),
    (140,'Pankaj','Soni',96000,'2019-02-26',1),
    (141,'Komal','Ahuja',92000,'2020-05-14',2),
    (142,'Yash','Chandra',74000,'2021-03-09',3),
    (143,'Neeraj','Pandey',110000,'2018-06-21',2),
    (144,'Rashmi','Kohli',87000,'2022-11-05',1),
    (145,'Sahil','Mehra',69000,'2023-01-20',3),
    (146,'Anup','Das',102000,'2019-09-13',2),
    (147,'Lavanya','Ishaan',91000,'2020-12-02',1),
    (148,'Prakash','Dubey',77000,'2021-06-24',3),
    (149,'Tanya','Singhal',98000,'2018-08-16',1),
    (150,'Harsh','Bedi',118000,'2019-04-04',2),
    (151,'Rina','Mukherjee',85000,'2022-02-14',1),
    (152,'Abhishek','Rawat',99000,'2020-10-08',2),
    (153,'Nupur','Khandelwal',73000,'2021-09-27',3),
    (154,'Varun','Khanna',107000,'2019-01-18',2),
    (155,'Swati','Banerjee',89000,'2020-06-11',1),
    (156,'Alok','Tripathi',76000,'2022-07-23',3),
    (157,'Mitali','Bose',94000,'2018-03-29',1),
    (158,'Rajat','Singh',113000,'2019-12-07',2),
    (159,'Poojan','Vora',70000,'2021-05-16',3),
    (160,'Irfan','Shaikh',101000,'2020-08-31',2);

-- Departments Table --
CREATE TABLE departments(
dept_id INT PRIMARY KEY,
dept_name VARCHAR(20)
);

INSERT INTO departments
VALUES
    (1, 'Analytics'),
    (2, 'Engineering'),
    (3, 'Human Resources');

-- Projects Table --

CREATE TABLE employee_projects(
emp_id INT,
project_id INT
);

INSERT INTO employee_projects
VALUES
    (101, 501),
    (101, 502),
    (102, 503),
    (103, 501),
    (103, 504),
    (105, 504),
    (106, 502),
    (106, 503),
    (108, 501),
    (108, 505),
    (109, 503),
    (110, 506),
    (111,501),
    (111,503),
    (112,504),
    (113,505),
    (114,501),
    (114,502),
    (115,504),
    (115,506),
    (116,503),
    (117,501),
    (118,502),
    (118,505),
    (119,506),
    (120,501),
    (121,504),
    (122,503),
    (122,505),
    (123,506),
    (124,502),
    (125,501),
    (125,503),
    (126,504),
    (127,505),
    (128,501),
    (129,506),
    (130,502),
    (130,504),
    (131,501),
    (132,503),
    (133,505),
    (134,502),
    (135,504),
    (135,506),
    (136,501),
    (137,503),
    (138,505),
    (139,506),
    (140,502),
    (141,501),
    (141,504),
    (142,503),
    (143,505),
    (144,502),
    (145,506),
    (146,504),
    (147,501),
    (148,503),
    (149,505),
    (150,502);
